Year,Month,Product,State,Requirement(in MT),Availability(in MT)
2015-2016,April,DAP,Andaman & Nicobar,0,0
2015-2016,April,MAP,Andaman & Nicobar,0,0
2015-2016,April,MOP,Andaman & Nicobar,0,0
2015-2016,April,NPK,Andaman & Nicobar,0,0
2015-2016,April,TSP,Andaman & Nicobar,0,0
2015-2016,April,UREA,Andaman & Nicobar,0,0
2015-2016,April,SSP,Andaman & Nicobar,0,0
2015-2016,April,DAP,Andhra Pradesh,0,4466.62
2015-2016,April,MAP,Andhra Pradesh,0,0
2015-2016,April,MOP,Andhra Pradesh,0,17390.15
2015-2016,April,NPK,Andhra Pradesh,0,35807.34
2015-2016,April,TSP,Andhra Pradesh,0,0
2015-2016,April,UREA,Andhra Pradesh,0,8843.6
2015-2016,April,SSP,Andhra Pradesh,0,0
2015-2016,April,DAP,Arunachal Pradesh,0,0
2015-2016,April,MAP,Arunachal Pradesh,0,0
2015-2016,April,MOP,Arunachal Pradesh,0,0
2015-2016,April,NPK,Arunachal Pradesh,0,0
2015-2016,April,TSP,Arunachal Pradesh,0,0
2015-2016,April,UREA,Arunachal Pradesh,0,0
2015-2016,April,SSP,Arunachal Pradesh,0,0
2015-2016,April,DAP,Assam,0,3885.1
2015-2016,April,MAP,Assam,0,0
2015-2016,April,MOP,Assam,0,11247.8
2015-2016,April,NPK,Assam,0,1443.9
2015-2016,April,TSP,Assam,0,0
2015-2016,April,UREA,Assam,0,2479.2
2015-2016,April,SSP,Assam,0,0
2015-2016,April,DAP,Bihar,0,5236.35
2015-2016,April,MAP,Bihar,0,0
2015-2016,April,MOP,Bihar,0,22863.05
2015-2016,April,NPK,Bihar,0,21715.9
2015-2016,April,TSP,Bihar,0,7673.75
2015-2016,April,UREA,Bihar,0,2378.7
2015-2016,April,SSP,Bihar,0,0
2015-2016,April,DAP,Chandigarh,0,0
2015-2016,April,MAP,Chandigarh,0,0
2015-2016,April,MOP,Chandigarh,0,0
2015-2016,April,NPK,Chandigarh,0,0
2015-2016,April,TSP,Chandigarh,0,0
2015-2016,April,UREA,Chandigarh,0,0
2015-2016,April,SSP,Chandigarh,0,0
2015-2016,April,DAP,Chattishgarh,0,678.8
2015-2016,April,MAP,Chattishgarh,0,0
2015-2016,April,MOP,Chattishgarh,0,9159.5
2015-2016,April,NPK,Chattishgarh,0,7305.84
2015-2016,April,TSP,Chattishgarh,0,3858.25
2015-2016,April,UREA,Chattishgarh,0,4268.6
2015-2016,April,SSP,Chattishgarh,0,0
2015-2016,April,DAP,Dadra & Nagar Haveli,0,25.3
2015-2016,April,MAP,Dadra & Nagar Haveli,0,0
2015-2016,April,MOP,Dadra & Nagar Haveli,0,0
2015-2016,April,NPK,Dadra & Nagar Haveli,0,0.9
2015-2016,April,TSP,Dadra & Nagar Haveli,0,0
2015-2016,April,UREA,Dadra & Nagar Haveli,0,20.2
2015-2016,April,SSP,Dadra & Nagar Haveli,0,0
2015-2016,April,DAP,Delhi,0,0
2015-2016,April,MAP,Delhi,0,0
2015-2016,April,MOP,Delhi,0,0
2015-2016,April,NPK,Delhi,0,0
2015-2016,April,TSP,Delhi,0,0
2015-2016,April,UREA,Delhi,300,0
2015-2016,April,SSP,Delhi,0,0
2015-2016,April,DAP,Goa,0,18.5
2015-2016,April,MAP,Goa,0,0
2015-2016,April,MOP,Goa,0,0
2015-2016,April,NPK,Goa,0,16.7
2015-2016,April,TSP,Goa,0,0
2015-2016,April,UREA,Goa,0,0
2015-2016,April,SSP,Goa,0,0
2015-2016,April,DAP,Gujarat,0,21837.68
2015-2016,April,MAP,Gujarat,0,0
2015-2016,April,MOP,Gujarat,0,2988.95
2015-2016,April,NPK,Gujarat,0,32830.96
2015-2016,April,TSP,Gujarat,0,6313.85
2015-2016,April,UREA,Gujarat,0,5271.79
2015-2016,April,SSP,Gujarat,0,0
2015-2016,April,DAP,Harayana,0,15031
2015-2016,April,MAP,Harayana,0,0
2015-2016,April,MOP,Harayana,0,10070.05
2015-2016,April,NPK,Harayana,0,1041.05
2015-2016,April,TSP,Harayana,0,0
2015-2016,April,UREA,Harayana,0,3274.75
2015-2016,April,SSP,Harayana,0,0
2015-2016,April,DAP,Himachal Pradesh,0,0
2015-2016,April,MAP,Himachal Pradesh,0,0
2015-2016,April,MOP,Himachal Pradesh,0,0
2015-2016,April,NPK,Himachal Pradesh,0,35.55
2015-2016,April,TSP,Himachal Pradesh,0,0
2015-2016,April,UREA,Himachal Pradesh,0,64.7
2015-2016,April,SSP,Himachal Pradesh,0,0
2015-2016,April,DAP,Jammu & Kashmir,0,9600.5
2015-2016,April,MAP,Jammu & Kashmir,0,0
2015-2016,April,MOP,Jammu & Kashmir,0,5775.85
2015-2016,April,NPK,Jammu & Kashmir,0,0
2015-2016,April,TSP,Jammu & Kashmir,0,0
2015-2016,April,UREA,Jammu & Kashmir,0,771.9
2015-2016,April,SSP,Jammu & Kashmir,0,0
2015-2016,April,DAP,Jharkhand,0,0
2015-2016,April,MAP,Jharkhand,0,0
2015-2016,April,MOP,Jharkhand,0,0
2015-2016,April,NPK,Jharkhand,0,71.25
2015-2016,April,TSP,Jharkhand,0,0
2015-2016,April,UREA,Jharkhand,0,0
2015-2016,April,SSP,Jharkhand,0,0
2015-2016,April,DAP,Karnataka,40000,2424.45
2015-2016,April,MAP,Karnataka,0,0
2015-2016,April,MOP,Karnataka,30000,31619.3
2015-2016,April,NPK,Karnataka,60050,50987.02
2015-2016,April,TSP,Karnataka,0,11905.4
2015-2016,April,UREA,Karnataka,100000,9793.3
2015-2016,April,SSP,Karnataka,20000,0
2015-2016,April,DAP,Kerala,0,779.9
2015-2016,April,MAP,Kerala,0,0
2015-2016,April,MOP,Kerala,0,1217.34
2015-2016,April,NPK,Kerala,0,9924.06
2015-2016,April,TSP,Kerala,0,3156.75
2015-2016,April,UREA,Kerala,0,0
2015-2016,April,SSP,Kerala,0,0
2015-2016,April,DAP,Madhya Pradesh,0,7565.37
2015-2016,April,MAP,Madhya Pradesh,0,0
2015-2016,April,MOP,Madhya Pradesh,0,16131.1
2015-2016,April,NPK,Madhya Pradesh,0,24626.7
2015-2016,April,TSP,Madhya Pradesh,0,8443.85
2015-2016,April,UREA,Madhya Pradesh,0,2615.6
2015-2016,April,SSP,Madhya Pradesh,0,0
2015-2016,April,DAP,Maharastra,0,2574.62
2015-2016,April,MAP,Maharastra,0,0
2015-2016,April,MOP,Maharastra,0,41732.82
2015-2016,April,NPK,Maharastra,0,84783.1
2015-2016,April,TSP,Maharastra,0,0
2015-2016,April,UREA,Maharastra,0,9545.55
2015-2016,April,SSP,Maharastra,0,0
2015-2016,April,DAP,Manipur,0,0
2015-2016,April,MAP,Manipur,0,0
2015-2016,April,MOP,Manipur,0,0
2015-2016,April,NPK,Manipur,0,0
2015-2016,April,TSP,Manipur,0,0
2015-2016,April,UREA,Manipur,0,0
2015-2016,April,SSP,Manipur,0,0
2015-2016,April,DAP,Megalaya,0,0
2015-2016,April,MAP,Megalaya,0,0
2015-2016,April,MOP,Megalaya,0,0
2015-2016,April,NPK,Megalaya,0,0
2015-2016,April,TSP,Megalaya,0,0
2015-2016,April,UREA,Megalaya,0,0
2015-2016,April,SSP,Megalaya,0,0
2015-2016,April,DAP,Mizoram,0,0
2015-2016,April,MAP,Mizoram,0,0
2015-2016,April,MOP,Mizoram,0,0
2015-2016,April,NPK,Mizoram,0,0
2015-2016,April,TSP,Mizoram,0,0
2015-2016,April,UREA,Mizoram,0,0
2015-2016,April,SSP,Mizoram,0,0
2015-2016,April,DAP,Nagaland,0,0
2015-2016,April,MAP,Nagaland,0,0
2015-2016,April,MOP,Nagaland,0,0
2015-2016,April,NPK,Nagaland,0,0
2015-2016,April,TSP,Nagaland,0,0
2015-2016,April,UREA,Nagaland,0,0
2015-2016,April,SSP,Nagaland,0,0
2015-2016,April,DAP,Orissa,0,1663.9
2015-2016,April,MAP,Orissa,0,0
2015-2016,April,MOP,Orissa,0,4103.75
2015-2016,April,NPK,Orissa,0,3448.85
2015-2016,April,TSP,Orissa,0,0
2015-2016,April,UREA,Orissa,0,2297.7
2015-2016,April,SSP,Orissa,0,0
2015-2016,April,DAP,Pondicherry,0,56
2015-2016,April,MAP,Pondicherry,0,0
2015-2016,April,MOP,Pondicherry,0,129.15
2015-2016,April,NPK,Pondicherry,0,727.8
2015-2016,April,TSP,Pondicherry,0,0
2015-2016,April,UREA,Pondicherry,0,0
2015-2016,April,SSP,Pondicherry,0,0
2015-2016,April,DAP,Punjab,0,16251.1
2015-2016,April,MAP,Punjab,0,0
2015-2016,April,MOP,Punjab,0,10450.5
2015-2016,April,NPK,Punjab,0,847.45
2015-2016,April,TSP,Punjab,0,3355.3
2015-2016,April,UREA,Punjab,0,1060.4
2015-2016,April,SSP,Punjab,0,0
2015-2016,April,DAP,Rajasthan,0,1457.25
2015-2016,April,MAP,Rajasthan,0,0
2015-2016,April,MOP,Rajasthan,0,3981.5
2015-2016,April,NPK,Rajasthan,0,1302.1
2015-2016,April,TSP,Rajasthan,0,3526.25
2015-2016,April,UREA,Rajasthan,0,2042.3
2015-2016,April,SSP,Rajasthan,0,0
2015-2016,April,DAP,Tamil Nadu,0,3317
2015-2016,April,MAP,Tamil Nadu,0,0
2015-2016,April,MOP,Tamil Nadu,0,8391.65
2015-2016,April,NPK,Tamil Nadu,0,21415.57
2015-2016,April,TSP,Tamil Nadu,0,0
2015-2016,April,UREA,Tamil Nadu,0,675.18
2015-2016,April,SSP,Tamil Nadu,0,0
2015-2016,April,DAP,Tripura,0,3.55
2015-2016,April,MAP,Tripura,0,0
2015-2016,April,MOP,Tripura,0,0
2015-2016,April,NPK,Tripura,0,5.65
2015-2016,April,TSP,Tripura,0,0
2015-2016,April,UREA,Tripura,0,0
2015-2016,April,SSP,Tripura,0,0
2015-2016,April,DAP,Telangana,20000,3437.25
2015-2016,April,MAP,Telangana,0,0
2015-2016,April,MOP,Telangana,5000,8116.49
2015-2016,April,NPK,Telangana,50000,24405.7
2015-2016,April,TSP,Telangana,0,0
2015-2016,April,UREA,Telangana,90000,11584.25
2015-2016,April,SSP,Telangana,0,0
2015-2016,April,DAP,Uttar Pradesh,0,50872.68
2015-2016,April,MAP,Uttar Pradesh,0,0
2015-2016,April,MOP,Uttar Pradesh,0,32315.5
2015-2016,April,NPK,Uttar Pradesh,0,28696.65
2015-2016,April,TSP,Uttar Pradesh,0,16125.25
2015-2016,April,UREA,Uttar Pradesh,0,60286.7
2015-2016,April,SSP,Uttar Pradesh,0,0
2015-2016,April,DAP,Uttaranchal,0,443.55
2015-2016,April,MAP,Uttaranchal,0,0
2015-2016,April,MOP,Uttaranchal,0,16.25
2015-2016,April,NPK,Uttaranchal,0,3370
2015-2016,April,TSP,Uttaranchal,0,0
2015-2016,April,UREA,Uttaranchal,0,1869.7
2015-2016,April,SSP,Uttaranchal,0,0
2015-2016,April,DAP,West Bengal,0,739.01
2015-2016,April,MAP,West Bengal,0,0
2015-2016,April,MOP,West Bengal,0,51674.85
2015-2016,April,NPK,West Bengal,0,50881.83
2015-2016,April,TSP,West Bengal,0,7377.55
2015-2016,April,UREA,West Bengal,0,1008.43
2015-2016,April,SSP,West Bengal,0,0
2015-2016,May,DAP,Andaman & Nicobar,0,0
2015-2016,May,MAP,Andaman & Nicobar,0,0
2015-2016,May,MOP,Andaman & Nicobar,0,0
2015-2016,May,NPK,Andaman & Nicobar,0,0
2015-2016,May,TSP,Andaman & Nicobar,0,0
2015-2016,May,UREA,Andaman & Nicobar,0,0
2015-2016,May,SSP,Andaman & Nicobar,0,0
2015-2016,May,DAP,Andhra Pradesh,0,5617.02
2015-2016,May,MAP,Andhra Pradesh,0,0
2015-2016,May,MOP,Andhra Pradesh,0,17702.3
2015-2016,May,NPK,Andhra Pradesh,0,52981.46
2015-2016,May,TSP,Andhra Pradesh,0,0
2015-2016,May,UREA,Andhra Pradesh,0,15078.25
2015-2016,May,SSP,Andhra Pradesh,0,0
2015-2016,May,DAP,Arunachal Pradesh,0,0
2015-2016,May,MAP,Arunachal Pradesh,0,0
2015-2016,May,MOP,Arunachal Pradesh,0,0
2015-2016,May,NPK,Arunachal Pradesh,0,0
2015-2016,May,TSP,Arunachal Pradesh,0,0
2015-2016,May,UREA,Arunachal Pradesh,0,0
2015-2016,May,SSP,Arunachal Pradesh,0,0
2015-2016,May,DAP,Assam,0,2110.8
2015-2016,May,MAP,Assam,0,0
2015-2016,May,MOP,Assam,0,10348.4
2015-2016,May,NPK,Assam,0,1192.9
2015-2016,May,TSP,Assam,0,0
2015-2016,May,UREA,Assam,0,2322.75
2015-2016,May,SSP,Assam,0,0
2015-2016,May,DAP,Bihar,0,11323.9
2015-2016,May,MAP,Bihar,0,0
2015-2016,May,MOP,Bihar,0,24027.6
2015-2016,May,NPK,Bihar,0,34337
2015-2016,May,TSP,Bihar,0,7673.75
2015-2016,May,UREA,Bihar,0,16041.3
2015-2016,May,SSP,Bihar,0,0
2015-2016,May,DAP,Chandigarh,0,0
2015-2016,May,MAP,Chandigarh,0,0
2015-2016,May,MOP,Chandigarh,0,0
2015-2016,May,NPK,Chandigarh,0,0
2015-2016,May,TSP,Chandigarh,0,0
2015-2016,May,UREA,Chandigarh,0,0
2015-2016,May,SSP,Chandigarh,0,0
2015-2016,May,DAP,Chattishgarh,0,1689.65
2015-2016,May,MAP,Chattishgarh,0,0
2015-2016,May,MOP,Chattishgarh,0,18100.95
2015-2016,May,NPK,Chattishgarh,0,16614.49
2015-2016,May,TSP,Chattishgarh,0,3858.25
2015-2016,May,UREA,Chattishgarh,0,10837.65
2015-2016,May,SSP,Chattishgarh,0,0
2015-2016,May,DAP,Dadra & Nagar Haveli,0,18.55
2015-2016,May,MAP,Dadra & Nagar Haveli,0,0
2015-2016,May,MOP,Dadra & Nagar Haveli,0,0
2015-2016,May,NPK,Dadra & Nagar Haveli,0,16.4
2015-2016,May,TSP,Dadra & Nagar Haveli,0,0
2015-2016,May,UREA,Dadra & Nagar Haveli,0,5.75
2015-2016,May,SSP,Dadra & Nagar Haveli,0,0
2015-2016,May,DAP,Daman & Diu,0,0
2015-2016,May,MAP,Daman & Diu,0,0
2015-2016,May,MOP,Daman & Diu,0,0
2015-2016,May,NPK,Daman & Diu,0,0
2015-2016,May,TSP,Daman & Diu,0,0
2015-2016,May,UREA,Daman & Diu,0,0
2015-2016,May,SSP,Daman & Diu,0,0
2015-2016,May,DAP,Delhi,200,0
2015-2016,May,MAP,Delhi,0,0
2015-2016,May,MOP,Delhi,0,0
2015-2016,May,NPK,Delhi,0,0
2015-2016,May,TSP,Delhi,0,0
2015-2016,May,UREA,Delhi,750,0
2015-2016,May,SSP,Delhi,0,0
2015-2016,May,DAP,Goa,0,28.45
2015-2016,May,MAP,Goa,0,0
2015-2016,May,MOP,Goa,0,0
2015-2016,May,NPK,Goa,0,16.2
2015-2016,May,TSP,Goa,0,0
2015-2016,May,UREA,Goa,0,0
2015-2016,May,SSP,Goa,0,0
2015-2016,May,DAP,Gujarat,0,13987.33
2015-2016,May,MAP,Gujarat,0,0
2015-2016,May,MOP,Gujarat,0,2789
2015-2016,May,NPK,Gujarat,0,47022.21
2015-2016,May,TSP,Gujarat,0,6313.85
2015-2016,May,UREA,Gujarat,0,32026.59
2015-2016,May,SSP,Gujarat,0,0
2015-2016,May,DAP,Harayana,0,10694.75
2015-2016,May,MAP,Harayana,0,0
2015-2016,May,MOP,Harayana,0,7475.7
2015-2016,May,NPK,Harayana,0,875.95
2015-2016,May,TSP,Harayana,0,0
2015-2016,May,UREA,Harayana,0,14218.35
2015-2016,May,SSP,Harayana,0,0
2015-2016,May,DAP,Himachal Pradesh,0,0
2015-2016,May,MAP,Himachal Pradesh,0,0
2015-2016,May,MOP,Himachal Pradesh,0,0
2015-2016,May,NPK,Himachal Pradesh,0,128.85
2015-2016,May,TSP,Himachal Pradesh,0,0
2015-2016,May,UREA,Himachal Pradesh,0,179.3
2015-2016,May,SSP,Himachal Pradesh,0,0
2015-2016,May,DAP,Jammu & Kashmir,0,7007.1
2015-2016,May,MAP,Jammu & Kashmir,0,0
2015-2016,May,MOP,Jammu & Kashmir,0,4522.55
2015-2016,May,NPK,Jammu & Kashmir,0,0
2015-2016,May,TSP,Jammu & Kashmir,0,0
2015-2016,May,UREA,Jammu & Kashmir,0,2444.3
2015-2016,May,SSP,Jammu & Kashmir,0,0
2015-2016,May,DAP,Jharkhand,0,471.2
2015-2016,May,MAP,Jharkhand,0,0
2015-2016,May,MOP,Jharkhand,0,0
2015-2016,May,NPK,Jharkhand,0,10250
2015-2016,May,TSP,Jharkhand,0,0
2015-2016,May,UREA,Jharkhand,0,3464.5
2015-2016,May,SSP,Jharkhand,0,0
2015-2016,May,DAP,Karnataka,80000,20386
2015-2016,May,MAP,Karnataka,0,0
2015-2016,May,MOP,Karnataka,45000,35005.9
2015-2016,May,NPK,Karnataka,82400,82165.28
2015-2016,May,TSP,Karnataka,0,11905.4
2015-2016,May,UREA,Karnataka,120000,24510.9
2015-2016,May,SSP,Karnataka,25000,0
2015-2016,May,DAP,Kerala,0,1655.3
2015-2016,May,MAP,Kerala,0,0
2015-2016,May,MOP,Kerala,0,3296.9
2015-2016,May,NPK,Kerala,0,19362.92
2015-2016,May,TSP,Kerala,0,3156.75
2015-2016,May,UREA,Kerala,0,4230.6
2015-2016,May,SSP,Kerala,0,0
2015-2016,May,DAP,Madhya Pradesh,0,18169.42
2015-2016,May,MAP,Madhya Pradesh,0,0
2015-2016,May,MOP,Madhya Pradesh,0,28337.6
2015-2016,May,NPK,Madhya Pradesh,0,22169.15
2015-2016,May,TSP,Madhya Pradesh,0,8443.85
2015-2016,May,UREA,Madhya Pradesh,0,27667.8
2015-2016,May,SSP,Madhya Pradesh,0,0
2015-2016,May,DAP,Maharastra,0,2546.22
2015-2016,May,MAP,Maharastra,0,0
2015-2016,May,MOP,Maharastra,0,50842.17
2015-2016,May,NPK,Maharastra,0,160777.65
2015-2016,May,TSP,Maharastra,0,0
2015-2016,May,UREA,Maharastra,0,33893.1
2015-2016,May,SSP,Maharastra,0,0
2015-2016,May,DAP,Manipur,0,0
2015-2016,May,MAP,Manipur,0,0
2015-2016,May,MOP,Manipur,0,0
2015-2016,May,NPK,Manipur,0,0
2015-2016,May,TSP,Manipur,0,0
2015-2016,May,UREA,Manipur,0,0
2015-2016,May,SSP,Manipur,0,0
2015-2016,May,DAP,Megalaya,0,0
2015-2016,May,MAP,Megalaya,0,0
2015-2016,May,MOP,Megalaya,0,0
2015-2016,May,NPK,Megalaya,0,0
2015-2016,May,TSP,Megalaya,0,0
2015-2016,May,UREA,Megalaya,0,0
2015-2016,May,SSP,Megalaya,0,0
2015-2016,May,DAP,Mizoram,0,0
2015-2016,May,MAP,Mizoram,0,0
2015-2016,May,MOP,Mizoram,0,0
2015-2016,May,NPK,Mizoram,0,0
2015-2016,May,TSP,Mizoram,0,0
2015-2016,May,UREA,Mizoram,0,0
2015-2016,May,SSP,Mizoram,0,0
2015-2016,May,DAP,Nagaland,0,0
2015-2016,May,MAP,Nagaland,0,0
2015-2016,May,MOP,Nagaland,0,0
2015-2016,May,NPK,Nagaland,0,0
2015-2016,May,TSP,Nagaland,0,0
2015-2016,May,UREA,Nagaland,0,0
2015-2016,May,SSP,Nagaland,0,0
2015-2016,May,DAP,Orissa,0,4622.75
2015-2016,May,MAP,Orissa,0,0
2015-2016,May,MOP,Orissa,0,5326.5
2015-2016,May,NPK,Orissa,0,20207.05
2015-2016,May,TSP,Orissa,0,0
2015-2016,May,UREA,Orissa,0,8716.85
2015-2016,May,SSP,Orissa,0,0
2015-2016,May,DAP,Pondicherry,0,36
2015-2016,May,MAP,Pondicherry,0,0
2015-2016,May,MOP,Pondicherry,0,33.15
2015-2016,May,NPK,Pondicherry,0,636.8
2015-2016,May,TSP,Pondicherry,0,0
2015-2016,May,UREA,Pondicherry,0,0
2015-2016,May,SSP,Pondicherry,0,0
2015-2016,May,DAP,Punjab,0,18837
2015-2016,May,MAP,Punjab,0,0
2015-2016,May,MOP,Punjab,0,14253.45
2015-2016,May,NPK,Punjab,0,2067.95
2015-2016,May,TSP,Punjab,0,3355.3
2015-2016,May,UREA,Punjab,0,13641.65
2015-2016,May,SSP,Punjab,0,0
2015-2016,May,DAP,Rajasthan,0,757.7
2015-2016,May,MAP,Rajasthan,0,0
2015-2016,May,MOP,Rajasthan,0,5645.95
2015-2016,May,NPK,Rajasthan,0,1209.05
2015-2016,May,TSP,Rajasthan,0,3526.25
2015-2016,May,UREA,Rajasthan,0,6186.15
2015-2016,May,SSP,Rajasthan,0,0
2015-2016,May,DAP,Tamil Nadu,0,10466.85
2015-2016,May,MAP,Tamil Nadu,0,0
2015-2016,May,MOP,Tamil Nadu,0,7343.9
2015-2016,May,NPK,Tamil Nadu,0,28648.07
2015-2016,May,TSP,Tamil Nadu,0,0
2015-2016,May,UREA,Tamil Nadu,0,1336.43
2015-2016,May,SSP,Tamil Nadu,0,0
2015-2016,May,DAP,Tripura,0,3.55
2015-2016,May,MAP,Tripura,0,0
2015-2016,May,MOP,Tripura,0,0
2015-2016,May,NPK,Tripura,0,5.65
2015-2016,May,TSP,Tripura,0,0
2015-2016,May,UREA,Tripura,0,0
2015-2016,May,SSP,Tripura,0,0
2015-2016,May,DAP,Telangana,40000,9625.4
2015-2016,May,MAP,Telangana,0,0
2015-2016,May,MOP,Telangana,10000,7485.2
2015-2016,May,NPK,Telangana,100000,35213.97
2015-2016,May,TSP,Telangana,0,0
2015-2016,May,UREA,Telangana,100000,13268.35
2015-2016,May,SSP,Telangana,0,0
2015-2016,May,DAP,Uttar Pradesh,140000,65861.18
2015-2016,May,MAP,Uttar Pradesh,0,0
2015-2016,May,MOP,Uttar Pradesh,25000,38052.2
2015-2016,May,NPK,Uttar Pradesh,100000,34977.2
2015-2016,May,TSP,Uttar Pradesh,0,16125.25
2015-2016,May,UREA,Uttar Pradesh,500000,173946.65
2015-2016,May,SSP,Uttar Pradesh,0,0
2015-2016,May,DAP,Uttaranchal,0,251.05
2015-2016,May,MAP,Uttaranchal,0,0
2015-2016,May,MOP,Uttaranchal,0,0.3
2015-2016,May,NPK,Uttaranchal,0,2814.55
2015-2016,May,TSP,Uttaranchal,0,0
2015-2016,May,UREA,Uttaranchal,0,2401.15
2015-2016,May,SSP,Uttaranchal,0,0
2015-2016,May,DAP,West Bengal,0,2601.01
2015-2016,May,MAP,West Bengal,0,0
2015-2016,May,MOP,West Bengal,0,49143.9
2015-2016,May,NPK,West Bengal,0,96958.93
2015-2016,May,TSP,West Bengal,0,7377.55
2015-2016,May,UREA,West Bengal,0,38622.69
2015-2016,May,SSP,West Bengal,0,0
2015-2016,June,DAP,Andaman & Nicobar,0,0
2015-2016,June,MAP,Andaman & Nicobar,0,0
2015-2016,June,MOP,Andaman & Nicobar,0,0
2015-2016,June,NPK,Andaman & Nicobar,0,0
2015-2016,June,TSP,Andaman & Nicobar,0,0
2015-2016,June,UREA,Andaman & Nicobar,0,0
2015-2016,June,SSP,Andaman & Nicobar,0,0
2015-2016,June,DAP,Andhra Pradesh,0,9709.47
2015-2016,June,MAP,Andhra Pradesh,0,0
2015-2016,June,MOP,Andhra Pradesh,0,22957.95
2015-2016,June,NPK,Andhra Pradesh,0,55126.09
2015-2016,June,TSP,Andhra Pradesh,0,0
2015-2016,June,UREA,Andhra Pradesh,0,23775.8
2015-2016,June,SSP,Andhra Pradesh,0,0
2015-2016,June,DAP,Arunachal Pradesh,0,0
2015-2016,June,MAP,Arunachal Pradesh,0,0
2015-2016,June,MOP,Arunachal Pradesh,0,0
2015-2016,June,NPK,Arunachal Pradesh,0,0
2015-2016,June,TSP,Arunachal Pradesh,0,0
2015-2016,June,UREA,Arunachal Pradesh,0,0
2015-2016,June,SSP,Arunachal Pradesh,0,0
2015-2016,June,DAP,Assam,0,4166.35
2015-2016,June,MAP,Assam,0,0
2015-2016,June,MOP,Assam,0,4869.05
2015-2016,June,NPK,Assam,0,1943.7
2015-2016,June,TSP,Assam,0,0
2015-2016,June,UREA,Assam,0,0
2015-2016,June,SSP,Assam,0,0
2015-2016,June,DAP,Bihar,0,19957.25
2015-2016,June,MAP,Bihar,0,0
2015-2016,June,MOP,Bihar,0,27134.55
2015-2016,June,NPK,Bihar,0,55313.2
2015-2016,June,TSP,Bihar,0,7673.75
2015-2016,June,UREA,Bihar,0,14857.7
2015-2016,June,SSP,Bihar,0,0
2015-2016,June,DAP,Chandigarh,0,0
2015-2016,June,MAP,Chandigarh,0,0
2015-2016,June,MOP,Chandigarh,0,0
2015-2016,June,NPK,Chandigarh,0,0
2015-2016,June,TSP,Chandigarh,0,0
2015-2016,June,UREA,Chandigarh,0,0
2015-2016,June,SSP,Chandigarh,0,0
2015-2016,June,DAP,Chattishgarh,0,6355.3
2015-2016,June,MAP,Chattishgarh,0,0
2015-2016,June,MOP,Chattishgarh,0,19689.5
2015-2016,June,NPK,Chattishgarh,0,14923.89
2015-2016,June,TSP,Chattishgarh,0,3858.25
2015-2016,June,UREA,Chattishgarh,0,9044.7
2015-2016,June,SSP,Chattishgarh,0,0
2015-2016,June,DAP,Dadra & Nagar Haveli,0,2.6
2015-2016,June,MAP,Dadra & Nagar Haveli,0,0
2015-2016,June,MOP,Dadra & Nagar Haveli,0,0
2015-2016,June,NPK,Dadra & Nagar Haveli,0,13.25
2015-2016,June,TSP,Dadra & Nagar Haveli,0,0
2015-2016,June,UREA,Dadra & Nagar Haveli,0,476.8
2015-2016,June,SSP,Dadra & Nagar Haveli,0,0
2015-2016,June,DAP,Daman & Diu,0,0
2015-2016,June,MAP,Daman & Diu,0,0
2015-2016,June,MOP,Daman & Diu,0,0
2015-2016,June,NPK,Daman & Diu,0,0
2015-2016,June,TSP,Daman & Diu,0,0
2015-2016,June,UREA,Daman & Diu,0,0
2015-2016,June,SSP,Daman & Diu,0,0
2015-2016,June,DAP,Delhi,400,0
2015-2016,June,MAP,Delhi,0,0
2015-2016,June,MOP,Delhi,200,0
2015-2016,June,NPK,Delhi,200,0
2015-2016,June,TSP,Delhi,0,0
2015-2016,June,UREA,Delhi,750,0
2015-2016,June,SSP,Delhi,0,0
2015-2016,June,DAP,Goa,0,21.7
2015-2016,June,MAP,Goa,0,0
2015-2016,June,MOP,Goa,0,0
2015-2016,June,NPK,Goa,0,24.8
2015-2016,June,TSP,Goa,0,0
2015-2016,June,UREA,Goa,0,36
2015-2016,June,SSP,Goa,0,0
2015-2016,June,DAP,Gujarat,0,3088.1
2015-2016,June,MAP,Gujarat,0,0
2015-2016,June,MOP,Gujarat,0,3120.65
2015-2016,June,NPK,Gujarat,0,44338.85
2015-2016,June,TSP,Gujarat,0,6313.85
2015-2016,June,UREA,Gujarat,0,16308.49
2015-2016,June,SSP,Gujarat,0,0
2015-2016,June,DAP,Harayana,0,11087.2
2015-2016,June,MAP,Harayana,0,0
2015-2016,June,MOP,Harayana,0,9882.4
2015-2016,June,NPK,Harayana,0,336.4
2015-2016,June,TSP,Harayana,0,0
2015-2016,June,UREA,Harayana,0,6778.3
2015-2016,June,SSP,Harayana,0,0
2015-2016,June,DAP,Himachal Pradesh,0,0
2015-2016,June,MAP,Himachal Pradesh,0,0
2015-2016,June,MOP,Himachal Pradesh,0,0
2015-2016,June,NPK,Himachal Pradesh,0,85.95
2015-2016,June,TSP,Himachal Pradesh,0,0
2015-2016,June,UREA,Himachal Pradesh,0,89.7
2015-2016,June,SSP,Himachal Pradesh,0,0
2015-2016,June,DAP,Jammu & Kashmir,0,3525.3
2015-2016,June,MAP,Jammu & Kashmir,0,0
2015-2016,June,MOP,Jammu & Kashmir,0,4009.75
2015-2016,June,NPK,Jammu & Kashmir,0,0
2015-2016,June,TSP,Jammu & Kashmir,0,0
2015-2016,June,UREA,Jammu & Kashmir,0,2273.3
2015-2016,June,SSP,Jammu & Kashmir,0,0
2015-2016,June,DAP,Jharkhand,0,3845.95
2015-2016,June,MAP,Jharkhand,0,0
2015-2016,June,MOP,Jharkhand,0,0.5
2015-2016,June,NPK,Jharkhand,0,11485.95
2015-2016,June,TSP,Jharkhand,0,0
2015-2016,June,UREA,Jharkhand,0,5696.3
2015-2016,June,SSP,Jharkhand,0,0
2015-2016,June,DAP,Karnataka,100000,21621.07
2015-2016,June,MAP,Karnataka,0,0
2015-2016,June,MOP,Karnataka,65000,25842.15
2015-2016,June,NPK,Karnataka,106100,105851.57
2015-2016,June,TSP,Karnataka,0,11905.4
2015-2016,June,UREA,Karnataka,130000,19083.47
2015-2016,June,SSP,Karnataka,25000,0
2015-2016,June,DAP,Kerala,0,534.65
2015-2016,June,MAP,Kerala,0,0
2015-2016,June,MOP,Kerala,0,5819.77
2015-2016,June,NPK,Kerala,0,18803.97
2015-2016,June,TSP,Kerala,0,3156.75
2015-2016,June,UREA,Kerala,0,1429.9
2015-2016,June,SSP,Kerala,0,0
2015-2016,June,DAP,Madhya Pradesh,0,48218.66
2015-2016,June,MAP,Madhya Pradesh,0,0
2015-2016,June,MOP,Madhya Pradesh,0,19034.5
2015-2016,June,NPK,Madhya Pradesh,0,13242.9
2015-2016,June,TSP,Madhya Pradesh,0,8443.85
2015-2016,June,UREA,Madhya Pradesh,0,19991.15
2015-2016,June,SSP,Madhya Pradesh,0,0
2015-2016,June,DAP,Maharastra,0,18114.57
2015-2016,June,MAP,Maharastra,0,0
2015-2016,June,MOP,Maharastra,0,46048.85
2015-2016,June,NPK,Maharastra,0,192769.63
2015-2016,June,TSP,Maharastra,0,0
2015-2016,June,UREA,Maharastra,0,50657.8
2015-2016,June,SSP,Maharastra,0,0
2015-2016,June,DAP,Manipur,0,0
2015-2016,June,MAP,Manipur,0,0
2015-2016,June,MOP,Manipur,0,0
2015-2016,June,NPK,Manipur,0,0
2015-2016,June,TSP,Manipur,0,0
2015-2016,June,UREA,Manipur,0,0
2015-2016,June,SSP,Manipur,0,0
2015-2016,June,DAP,Megalaya,0,0
2015-2016,June,MAP,Megalaya,0,0
2015-2016,June,MOP,Megalaya,0,0
2015-2016,June,NPK,Megalaya,0,0
2015-2016,June,TSP,Megalaya,0,0
2015-2016,June,UREA,Megalaya,0,0
2015-2016,June,SSP,Megalaya,0,0
2015-2016,June,DAP,Mizoram,0,0
2015-2016,June,MAP,Mizoram,0,0
2015-2016,June,MOP,Mizoram,0,0
2015-2016,June,NPK,Mizoram,0,0
2015-2016,June,TSP,Mizoram,0,0
2015-2016,June,UREA,Mizoram,0,0
2015-2016,June,SSP,Mizoram,0,0
2015-2016,June,DAP,Nagaland,0,0
2015-2016,June,MAP,Nagaland,0,0
2015-2016,June,MOP,Nagaland,0,0
2015-2016,June,NPK,Nagaland,0,0
2015-2016,June,TSP,Nagaland,0,0
2015-2016,June,UREA,Nagaland,0,0
2015-2016,June,SSP,Nagaland,0,0
2015-2016,June,DAP,Orissa,0,8164.9
2015-2016,June,MAP,Orissa,0,8499.45
2015-2016,June,MOP,Orissa,0,0
2015-2016,June,NPK,Orissa,0,33092.2
2015-2016,June,TSP,Orissa,0,0
2015-2016,June,UREA,Orissa,0,14261.1
2015-2016,June,SSP,Orissa,0,0
2015-2016,June,DAP,Pondicherry,0,36
2015-2016,June,MAP,Pondicherry,0,0
2015-2016,June,MOP,Pondicherry,0,33.15
2015-2016,June,NPK,Pondicherry,0,518.8
2015-2016,June,TSP,Pondicherry,0,0
2015-2016,June,UREA,Pondicherry,0,0
2015-2016,June,SSP,Pondicherry,0,0
2015-2016,June,DAP,Punjab,0,13501.1
2015-2016,June,MAP,Punjab,0,0
2015-2016,June,MOP,Punjab,0,23199.6
2015-2016,June,NPK,Punjab,0,684.22
2015-2016,June,TSP,Punjab,0,3355.3
2015-2016,June,UREA,Punjab,0,8797.9
2015-2016,June,SSP,Punjab,0,0
2015-2016,June,DAP,Rajasthan,0,1216.85
2015-2016,June,MAP,Rajasthan,0,0
2015-2016,June,MOP,Rajasthan,0,3298.45
2015-2016,June,NPK,Rajasthan,0,836.95
2015-2016,June,TSP,Rajasthan,0,3526.25
2015-2016,June,UREA,Rajasthan,0,3076.05
2015-2016,June,SSP,Rajasthan,0,0
2015-2016,June,DAP,Tamil Nadu,0,15972.4
2015-2016,June,MAP,Tamil Nadu,0,0
2015-2016,June,MOP,Tamil Nadu,0,5848.8
2015-2016,June,NPK,Tamil Nadu,0,32842.07
2015-2016,June,TSP,Tamil Nadu,0,0
2015-2016,June,UREA,Tamil Nadu,0,240.08
2015-2016,June,SSP,Tamil Nadu,0,0
2015-2016,June,DAP,Telangana,50000,10711.45
2015-2016,June,MAP,Telangana,0,0
2015-2016,June,MOP,Telangana,10000,8376.05
2015-2016,June,NPK,Telangana,95000,39575.67
2015-2016,June,TSP,Telangana,0,0
2015-2016,June,UREA,Telangana,160000,11160.9
2015-2016,June,SSP,Telangana,0,0
2015-2016,June,DAP,Tripura,0,3.55
2015-2016,June,MAP,Tripura,0,0
2015-2016,June,MOP,Tripura,0,0
2015-2016,June,NPK,Tripura,0,5.65
2015-2016,June,TSP,Tripura,0,0
2015-2016,June,UREA,Tripura,0,0
2015-2016,June,SSP,Tripura,0,0
2015-2016,June,DAP,Uttar Pradesh,120000,88972.83
2015-2016,June,MAP,Uttar Pradesh,0,0
2015-2016,June,MOP,Uttar Pradesh,12000,43005.35
2015-2016,June,NPK,Uttar Pradesh,100000,32670.2
2015-2016,June,TSP,Uttar Pradesh,0,16125.25
2015-2016,June,UREA,Uttar Pradesh,500000,174901.95
2015-2016,June,SSP,Uttar Pradesh,0,0
2015-2016,June,DAP,Uttaranchal,0,3571.65
2015-2016,June,MAP,Uttaranchal,0,0
2015-2016,June,MOP,Uttaranchal,0,0.3
2015-2016,June,NPK,Uttaranchal,0,1679.5
2015-2016,June,TSP,Uttaranchal,0,0
2015-2016,June,UREA,Uttaranchal,0,4982.4
2015-2016,June,SSP,Uttaranchal,0,0
2015-2016,June,DAP,West Bengal,0,16301.96
2015-2016,June,MAP,West Bengal,0,0
2015-2016,June,MOP,West Bengal,0,41809.7
2015-2016,June,NPK,West Bengal,0,130624.78
2015-2016,June,TSP,West Bengal,0,7377.55
2015-2016,June,UREA,West Bengal,0,37071.19
2015-2016,June,SSP,West Bengal,0,0
2015-2016,July,DAP,Andaman & Nicobar,0,0
2015-2016,July,MAP,Andaman & Nicobar,0,0
2015-2016,July,MOP,Andaman & Nicobar,0,0
2015-2016,July,NPK,Andaman & Nicobar,0,0
2015-2016,July,TSP,Andaman & Nicobar,0,0
2015-2016,July,UREA,Andaman & Nicobar,0,0
2015-2016,July,SSP,Andaman & Nicobar,0,0
2015-2016,July,DAP,Andhra Pradesh,0,8554.47
2015-2016,July,MAP,Andhra Pradesh,0,0
2015-2016,July,MOP,Andhra Pradesh,0,13701.3
2015-2016,July,NPK,Andhra Pradesh,0,48997.03
2015-2016,July,TSP,Andhra Pradesh,0,0
2015-2016,July,UREA,Andhra Pradesh,0,14049.05
2015-2016,July,SSP,Andhra Pradesh,0,0
2015-2016,July,DAP,Arunachal Pradesh,0,0
2015-2016,July,MAP,Arunachal Pradesh,0,0
2015-2016,July,MOP,Arunachal Pradesh,0,0
2015-2016,July,NPK,Arunachal Pradesh,0,0
2015-2016,July,TSP,Arunachal Pradesh,0,0
2015-2016,July,UREA,Arunachal Pradesh,0,0
2015-2016,July,SSP,Arunachal Pradesh,0,0
2015-2016,July,DAP,Assam,0,4548.75
2015-2016,July,MAP,Assam,0,0
2015-2016,July,MOP,Assam,0,1713.45
2015-2016,July,NPK,Assam,0,3643.45
2015-2016,July,TSP,Assam,0,0
2015-2016,July,UREA,Assam,0,1151.4
2015-2016,July,SSP,Assam,0,0
2015-2016,July,DAP,Bihar,0,22472.65
2015-2016,July,MAP,Bihar,0,0
2015-2016,July,MOP,Bihar,0,22866.7
2015-2016,July,NPK,Bihar,0,49151
2015-2016,July,TSP,Bihar,0,7673.75
2015-2016,July,UREA,Bihar,0,11614.2
2015-2016,July,SSP,Bihar,0,0
2015-2016,July,DAP,Chandigarh,0,0
2015-2016,July,MAP,Chandigarh,0,0
2015-2016,July,MOP,Chandigarh,0,0
2015-2016,July,NPK,Chandigarh,0,0
2015-2016,July,TSP,Chandigarh,0,0
2015-2016,July,UREA,Chandigarh,0,0
2015-2016,July,SSP,Chandigarh,0,0
2015-2016,July,DAP,Chattishgarh,0,19358.66
2015-2016,July,MAP,Chattishgarh,0,0
2015-2016,July,MOP,Chattishgarh,0,14243.8
2015-2016,July,NPK,Chattishgarh,0,9676.84
2015-2016,July,TSP,Chattishgarh,0,3858.25
2015-2016,July,UREA,Chattishgarh,0,5004.75
2015-2016,July,SSP,Chattishgarh,0,0
2015-2016,July,DAP,Dadra & Nagar Haveli,0,493.8
2015-2016,July,MAP,Dadra & Nagar Haveli,0,0
2015-2016,July,MOP,Dadra & Nagar Haveli,0,0
2015-2016,July,NPK,Dadra & Nagar Haveli,0,0
2015-2016,July,TSP,Dadra & Nagar Haveli,0,0
2015-2016,July,UREA,Dadra & Nagar Haveli,0,476.8
2015-2016,July,SSP,Dadra & Nagar Haveli,0,0
2015-2016,July,DAP,Daman & Diu,0,0
2015-2016,July,MAP,Daman & Diu,0,0
2015-2016,July,MOP,Daman & Diu,0,0
2015-2016,July,NPK,Daman & Diu,0,0
2015-2016,July,TSP,Daman & Diu,0,0
2015-2016,July,UREA,Daman & Diu,0,0
2015-2016,July,SSP,Daman & Diu,0,0
2015-2016,July,DAP,Delhi,800,0
2015-2016,July,MAP,Delhi,0,0
2015-2016,July,MOP,Delhi,200,0
2015-2016,July,NPK,Delhi,0,0
2015-2016,July,TSP,Delhi,0,0
2015-2016,July,UREA,Delhi,900,0
2015-2016,July,SSP,Delhi,0,0
2015-2016,July,DAP,Goa,0,31.5
2015-2016,July,MAP,Goa,0,0
2015-2016,July,MOP,Goa,0,60.7
2015-2016,July,NPK,Goa,0,45.9
2015-2016,July,TSP,Goa,0,0
2015-2016,July,UREA,Goa,0,17.25
2015-2016,July,SSP,Goa,0,0
2015-2016,July,DAP,Gujarat,0,22028.9
2015-2016,July,MAP,Gujarat,0,0
2015-2016,July,MOP,Gujarat,0,8230.45
2015-2016,July,NPK,Gujarat,0,28845.15
2015-2016,July,TSP,Gujarat,0,6313.85
2015-2016,July,UREA,Gujarat,0,7005.29
2015-2016,July,SSP,Gujarat,0,0
2015-2016,July,DAP,Harayana,0,15698.8
2015-2016,July,MAP,Harayana,0,0
2015-2016,July,MOP,Harayana,0,7334.5
2015-2016,July,NPK,Harayana,0,1879.8
2015-2016,July,TSP,Harayana,0,0
2015-2016,July,UREA,Harayana,0,2772.95
2015-2016,July,SSP,Harayana,0,0
2015-2016,July,DAP,Himachal Pradesh,0,0
2015-2016,July,MAP,Himachal Pradesh,0,0
2015-2016,July,MOP,Himachal Pradesh,0,0
2015-2016,July,NPK,Himachal Pradesh,0,72.75
2015-2016,July,TSP,Himachal Pradesh,0,0
2015-2016,July,UREA,Himachal Pradesh,0,93
2015-2016,July,SSP,Himachal Pradesh,0,0
2015-2016,July,DAP,Jammu & Kashmir,0,6710.25
2015-2016,July,MAP,Jammu & Kashmir,0,0
2015-2016,July,MOP,Jammu & Kashmir,0,3812.8
2015-2016,July,NPK,Jammu & Kashmir,0,67.5
2015-2016,July,TSP,Jammu & Kashmir,0,0
2015-2016,July,UREA,Jammu & Kashmir,0,1850.4
2015-2016,July,SSP,Jammu & Kashmir,0,0
2015-2016,July,DAP,Jharkhand,0,4310.45
2015-2016,July,MAP,Jharkhand,0,0
2015-2016,July,MOP,Jharkhand,0,486.45
2015-2016,July,NPK,Jharkhand,0,6087.1
2015-2016,July,TSP,Jharkhand,0,0
2015-2016,July,UREA,Jharkhand,0,7800.7
2015-2016,July,SSP,Jharkhand,0,0
2015-2016,July,DAP,Karnataka,80000,32496.86
2015-2016,July,MAP,Karnataka,0,0
2015-2016,July,MOP,Karnataka,55000,31298.1
2015-2016,July,NPK,Karnataka,130050,117328.81
2015-2016,July,TSP,Karnataka,0,11884.85
2015-2016,July,UREA,Karnataka,170000,19002.17
2015-2016,July,SSP,Karnataka,10000,0
2015-2016,July,DAP,Kerala,0,3572.65
2015-2016,July,MAP,Kerala,0,0
2015-2016,July,MOP,Kerala,0,5632.33
2015-2016,July,NPK,Kerala,0,14810.3
2015-2016,July,TSP,Kerala,0,3156.75
2015-2016,July,UREA,Kerala,0,702.7
2015-2016,July,SSP,Kerala,0,0
2015-2016,July,DAP,Madhya Pradesh,0,46409.36
2015-2016,July,MAP,Madhya Pradesh,0,0
2015-2016,July,MOP,Madhya Pradesh,0,24906.5
2015-2016,July,NPK,Madhya Pradesh,0,12257.65
2015-2016,July,TSP,Madhya Pradesh,0,8443.85
2015-2016,July,UREA,Madhya Pradesh,0,11826
2015-2016,July,SSP,Madhya Pradesh,0,0
2015-2016,July,DAP,Maharastra,0,25589.52
2015-2016,July,MAP,Maharastra,0,0
2015-2016,July,MOP,Maharastra,0,49035.25
2015-2016,July,NPK,Maharastra,0,111090.23
2015-2016,July,TSP,Maharastra,0,0
2015-2016,July,UREA,Maharastra,0,14180
2015-2016,July,SSP,Maharastra,0,0
2015-2016,July,DAP,Manipur,0,0
2015-2016,July,MAP,Manipur,0,0
2015-2016,July,MOP,Manipur,0,0
2015-2016,July,NPK,Manipur,0,0
2015-2016,July,TSP,Manipur,0,0
2015-2016,July,UREA,Manipur,0,0
2015-2016,July,SSP,Manipur,0,0
2015-2016,July,DAP,Megalaya,0,0
2015-2016,July,MAP,Megalaya,0,0
2015-2016,July,MOP,Megalaya,0,0
2015-2016,July,NPK,Megalaya,0,0
2015-2016,July,TSP,Megalaya,0,0
2015-2016,July,UREA,Megalaya,0,0
2015-2016,July,SSP,Megalaya,0,0
2015-2016,July,DAP,Mizoram,0,0
2015-2016,July,MAP,Mizoram,0,0
2015-2016,July,MOP,Mizoram,0,0
2015-2016,July,NPK,Mizoram,0,0
2015-2016,July,TSP,Mizoram,0,0
2015-2016,July,UREA,Mizoram,0,0
2015-2016,July,SSP,Mizoram,0,0
2015-2016,July,DAP,Nagaland,0,0
2015-2016,July,MAP,Nagaland,0,0
2015-2016,July,MOP,Nagaland,0,0
2015-2016,July,NPK,Nagaland,0,0
2015-2016,July,TSP,Nagaland,0,0
2015-2016,July,UREA,Nagaland,0,0
2015-2016,July,SSP,Nagaland,0,0
2015-2016,July,DAP,Orissa,0,11335.39
2015-2016,July,MAP,Orissa,0,0
2015-2016,July,MOP,Orissa,0,9876.35
2015-2016,July,NPK,Orissa,0,27082.22
2015-2016,July,TSP,Orissa,0,0
2015-2016,July,UREA,Orissa,0,8179.05
2015-2016,July,SSP,Orissa,0,0
2015-2016,July,DAP,Pondicherry,0,36
2015-2016,July,MAP,Pondicherry,0,0
2015-2016,July,MOP,Pondicherry,0,33.15
2015-2016,July,NPK,Pondicherry,0,351.8
2015-2016,July,TSP,Pondicherry,0,0
2015-2016,July,UREA,Pondicherry,0,0
2015-2016,July,SSP,Pondicherry,0,0
2015-2016,July,DAP,Punjab,0,36722.65
2015-2016,July,MAP,Punjab,0,0
2015-2016,July,MOP,Punjab,0,19103.7
2015-2016,July,NPK,Punjab,0,503.32
2015-2016,July,TSP,Punjab,0,3355.3
2015-2016,July,UREA,Punjab,0,5761.75
2015-2016,July,SSP,Punjab,0,0
2015-2016,July,DAP,Rajasthan,0,8711.92
2015-2016,July,MAP,Rajasthan,0,0
2015-2016,July,MOP,Rajasthan,0,2765.85
2015-2016,July,NPK,Rajasthan,0,565.2
2015-2016,July,TSP,Rajasthan,0,3526.25
2015-2016,July,UREA,Rajasthan,0,1924.25
2015-2016,July,SSP,Rajasthan,0,0
2015-2016,July,DAP,Tamil Nadu,0,18493.1
2015-2016,July,MAP,Tamil Nadu,0,0
2015-2016,July,MOP,Tamil Nadu,0,5520.9
2015-2016,July,NPK,Tamil Nadu,0,37272.22
2015-2016,July,TSP,Tamil Nadu,0,0
2015-2016,July,UREA,Tamil Nadu,0,1800.25
2015-2016,July,SSP,Tamil Nadu,0,0
2015-2016,July,DAP,Tripura,0,3.55
2015-2016,July,MAP,Tripura,0,0
2015-2016,July,MOP,Tripura,0,0
2015-2016,July,NPK,Tripura,0,5.65
2015-2016,July,TSP,Tripura,0,0
2015-2016,July,UREA,Tripura,0,0
2015-2016,July,SSP,Tripura,0,0
2015-2016,July,DAP,Telangana,40000,10992.95
2015-2016,July,MAP,Telangana,0,0
2015-2016,July,MOP,Telangana,25000,6420.88
2015-2016,July,NPK,Telangana,105000,39439.34
2015-2016,July,TSP,Telangana,0,0
2015-2016,July,UREA,Telangana,150000,5816.2
2015-2016,July,SSP,Telangana,0,0
2015-2016,July,DAP,Uttar Pradesh,120000,139987.48
2015-2016,July,MAP,Uttar Pradesh,0,0
2015-2016,July,MOP,Uttar Pradesh,10000,44565.25
2015-2016,July,NPK,Uttar Pradesh,55000,22317.7
2015-2016,July,TSP,Uttar Pradesh,0,16125.25
2015-2016,July,UREA,Uttar Pradesh,450000,133668.25
2015-2016,July,SSP,Uttar Pradesh,0,0
2015-2016,July,DAP,Uttaranchal,0,3054.8
2015-2016,July,MAP,Uttaranchal,0,0
2015-2016,July,MOP,Uttaranchal,0,0.3
2015-2016,July,NPK,Uttaranchal,0,800.1
2015-2016,July,TSP,Uttaranchal,0,0
2015-2016,July,UREA,Uttaranchal,0,4362.35
2015-2016,July,SSP,Uttaranchal,0,0
2015-2016,July,DAP,West Bengal,0,12583.66
2015-2016,July,MAP,West Bengal,0,0
2015-2016,July,MOP,West Bengal,0,30440.85
2015-2016,July,NPK,West Bengal,0,127619.33
2015-2016,July,TSP,West Bengal,0,7377.55
2015-2016,July,UREA,West Bengal,0,9864.39
2015-2016,July,SSP,West Bengal,0,0
2015-2016,August,DAP,Andaman & Nicobar,0,0
2015-2016,August,MAP,Andaman & Nicobar,0,0
2015-2016,August,MOP,Andaman & Nicobar,0,0
2015-2016,August,NPK,Andaman & Nicobar,0,0
2015-2016,August,TSP,Andaman & Nicobar,0,0
2015-2016,August,UREA,Andaman & Nicobar,0,0
2015-2016,August,SSP,Andaman & Nicobar,0,0
2015-2016,August,DAP,Andhra Pradesh,0,20854.17
2015-2016,August,MAP,Andhra Pradesh,0,0
2015-2016,August,MOP,Andhra Pradesh,0,19181
2015-2016,August,NPK,Andhra Pradesh,0,57956.76
2015-2016,August,TSP,Andhra Pradesh,0,0
2015-2016,August,UREA,Andhra Pradesh,0,10137.7
2015-2016,August,SSP,Andhra Pradesh,0,0
2015-2016,August,DAP,Arunachal Pradesh,0,0
2015-2016,August,MAP,Arunachal Pradesh,0,0
2015-2016,August,MOP,Arunachal Pradesh,0,0
2015-2016,August,NPK,Arunachal Pradesh,0,0
2015-2016,August,TSP,Arunachal Pradesh,0,0
2015-2016,August,UREA,Arunachal Pradesh,0,0
2015-2016,August,SSP,Arunachal Pradesh,0,0
2015-2016,August,DAP,Assam,0,3374.75
2015-2016,August,MAP,Assam,0,0
2015-2016,August,MOP,Assam,0,6328
2015-2016,August,NPK,Assam,0,2813.65
2015-2016,August,TSP,Assam,0,0
2015-2016,August,UREA,Assam,0,799
2015-2016,August,SSP,Assam,0,0
2015-2016,August,DAP,Bihar,0,42483.2
2015-2016,August,MAP,Bihar,0,0
2015-2016,August,MOP,Bihar,0,26252.95
2015-2016,August,NPK,Bihar,0,58190.3
2015-2016,August,TSP,Bihar,0,7673.75
2015-2016,August,UREA,Bihar,0,5321.15
2015-2016,August,SSP,Bihar,0,0
2015-2016,August,DAP,Chandigarh,0,0
2015-2016,August,MAP,Chandigarh,0,0
2015-2016,August,MOP,Chandigarh,0,0
2015-2016,August,NPK,Chandigarh,0,0
2015-2016,August,TSP,Chandigarh,0,0
2015-2016,August,UREA,Chandigarh,0,0
2015-2016,August,SSP,Chandigarh,0,0
2015-2016,August,DAP,Chattishgarh,0,17988.66
2015-2016,August,MAP,Chattishgarh,0,0
2015-2016,August,MOP,Chattishgarh,0,25447.25
2015-2016,August,NPK,Chattishgarh,0,6536.84
2015-2016,August,TSP,Chattishgarh,0,3858.25
2015-2016,August,UREA,Chattishgarh,0,5803.55
2015-2016,August,SSP,Chattishgarh,0,0
2015-2016,August,DAP,Dadra & Nagar Haveli,0,19.8
2015-2016,August,MAP,Dadra & Nagar Haveli,0,0
2015-2016,August,MOP,Dadra & Nagar Haveli,0,0
2015-2016,August,NPK,Dadra & Nagar Haveli,0,4.9
2015-2016,August,TSP,Dadra & Nagar Haveli,0,0
2015-2016,August,UREA,Dadra & Nagar Haveli,0,6
2015-2016,August,SSP,Dadra & Nagar Haveli,0,0
2015-2016,August,DAP,Daman & Diu,0,0
2015-2016,August,MAP,Daman & Diu,0,0
2015-2016,August,MOP,Daman & Diu,0,0
2015-2016,August,NPK,Daman & Diu,0,0
2015-2016,August,TSP,Daman & Diu,0,0
2015-2016,August,UREA,Daman & Diu,0,0
2015-2016,August,SSP,Daman & Diu,0,0
2015-2016,August,DAP,Delhi,400,0
2015-2016,August,MAP,Delhi,0,0
2015-2016,August,MOP,Delhi,100,0
2015-2016,August,NPK,Delhi,0,0
2015-2016,August,TSP,Delhi,0,0
2015-2016,August,UREA,Delhi,300,0
2015-2016,August,SSP,Delhi,0,0
2015-2016,August,DAP,Goa,0,21.3
2015-2016,August,MAP,Goa,0,0
2015-2016,August,MOP,Goa,0,0
2015-2016,August,NPK,Goa,0,11.4
2015-2016,August,TSP,Goa,0,0
2015-2016,August,UREA,Goa,0,7.2
2015-2016,August,SSP,Goa,0,0
2015-2016,August,DAP,Gujarat,0,44507.93
2015-2016,August,MAP,Gujarat,0,0
2015-2016,August,MOP,Gujarat,0,2594.55
2015-2016,August,NPK,Gujarat,0,38914.2
2015-2016,August,TSP,Gujarat,0,6313.85
2015-2016,August,UREA,Gujarat,0,7151.19
2015-2016,August,SSP,Gujarat,0,0
2015-2016,August,DAP,Harayana,0,29736
2015-2016,August,MAP,Harayana,0,0
2015-2016,August,MOP,Harayana,0,8481.25
2015-2016,August,NPK,Harayana,0,4103.9
2015-2016,August,TSP,Harayana,0,0
2015-2016,August,UREA,Harayana,0,7914.45
2015-2016,August,SSP,Harayana,0,0
2015-2016,August,DAP,Himachal Pradesh,0,0
2015-2016,August,MAP,Himachal Pradesh,0,0
2015-2016,August,MOP,Himachal Pradesh,0,0
2015-2016,August,NPK,Himachal Pradesh,0,26.35
2015-2016,August,TSP,Himachal Pradesh,0,0
2015-2016,August,UREA,Himachal Pradesh,0,86.15
2015-2016,August,SSP,Himachal Pradesh,0,0
2015-2016,August,DAP,Jammu & Kashmir,0,4946.05
2015-2016,August,MAP,Jammu & Kashmir,0,0
2015-2016,August,MOP,Jammu & Kashmir,0,3638.8
2015-2016,August,NPK,Jammu & Kashmir,0,0
2015-2016,August,TSP,Jammu & Kashmir,0,0
2015-2016,August,UREA,Jammu & Kashmir,0,550.5
2015-2016,August,SSP,Jammu & Kashmir,0,0
2015-2016,August,DAP,Jharkhand,0,4298.1
2015-2016,August,MAP,Jharkhand,0,0
2015-2016,August,MOP,Jharkhand,0,1474.95
2015-2016,August,NPK,Jharkhand,0,6400.45
2015-2016,August,TSP,Jharkhand,0,0
2015-2016,August,UREA,Jharkhand,0,5779.6
2015-2016,August,SSP,Jharkhand,0,0
2015-2016,August,DAP,Karnataka,60000,42857.67
2015-2016,August,MAP,Karnataka,0,0
2015-2016,August,MOP,Karnataka,30000,48996.36
2015-2016,August,NPK,Karnataka,152500,122920.28
2015-2016,August,TSP,Karnataka,0,11884.85
2015-2016,August,UREA,Karnataka,160000,10690.97
2015-2016,August,SSP,Karnataka,20000,0
2015-2016,August,DAP,Kerala,0,3572.35
2015-2016,August,MAP,Kerala,0,0
2015-2016,August,MOP,Kerala,0,7591.67
2015-2016,August,NPK,Kerala,0,13582.43
2015-2016,August,TSP,Kerala,0,3156.75
2015-2016,August,UREA,Kerala,0,1994.95
2015-2016,August,SSP,Kerala,0,0
2015-2016,August,DAP,Lakshadweep,0,0
2015-2016,August,MAP,Lakshadweep,0,0
2015-2016,August,MOP,Lakshadweep,0,0
2015-2016,August,NPK,Lakshadweep,0,0
2015-2016,August,TSP,Lakshadweep,0,0
2015-2016,August,UREA,Lakshadweep,0,0
2015-2016,August,SSP,Lakshadweep,0,0
2015-2016,August,DAP,Madhya Pradesh,0,123474.96
2015-2016,August,MAP,Madhya Pradesh,0,0
2015-2016,August,MOP,Madhya Pradesh,0,36360.95
2015-2016,August,NPK,Madhya Pradesh,0,20406.9
2015-2016,August,TSP,Madhya Pradesh,0,8443.85
2015-2016,August,UREA,Madhya Pradesh,0,32996
2015-2016,August,SSP,Madhya Pradesh,0,0
2015-2016,August,DAP,Maharastra,0,56520.52
2015-2016,August,MAP,Maharastra,0,0
2015-2016,August,MOP,Maharastra,0,74183.7
2015-2016,August,NPK,Maharastra,0,173441.08
2015-2016,August,TSP,Maharastra,0,0
2015-2016,August,UREA,Maharastra,0,30667.7
2015-2016,August,SSP,Maharastra,0,0
2015-2016,August,DAP,Manipur,0,0
2015-2016,August,MAP,Manipur,0,0
2015-2016,August,MOP,Manipur,0,0
2015-2016,August,NPK,Manipur,0,0
2015-2016,August,TSP,Manipur,0,0
2015-2016,August,UREA,Manipur,0,0
2015-2016,August,SSP,Manipur,0,0
2015-2016,August,DAP,Megalaya,0,0
2015-2016,August,MAP,Megalaya,0,0
2015-2016,August,MOP,Megalaya,0,0
2015-2016,August,NPK,Megalaya,0,0
2015-2016,August,TSP,Megalaya,0,0
2015-2016,August,UREA,Megalaya,0,0
2015-2016,August,SSP,Megalaya,0,0
2015-2016,August,DAP,Mizoram,0,0
2015-2016,August,MAP,Mizoram,0,0
2015-2016,August,MOP,Mizoram,0,0
2015-2016,August,NPK,Mizoram,0,0
2015-2016,August,TSP,Mizoram,0,0
2015-2016,August,UREA,Mizoram,0,0
2015-2016,August,SSP,Mizoram,0,0
2015-2016,August,DAP,Nagaland,0,0
2015-2016,August,MAP,Nagaland,0,0
2015-2016,August,MOP,Nagaland,0,0
2015-2016,August,NPK,Nagaland,0,0
2015-2016,August,TSP,Nagaland,0,0
2015-2016,August,UREA,Nagaland,0,0
2015-2016,August,SSP,Nagaland,0,0
2015-2016,August,DAP,Orissa,0,11521.89
2015-2016,August,MAP,Orissa,0,0
2015-2016,August,MOP,Orissa,0,9659.25
2015-2016,August,NPK,Orissa,0,27256.37
2015-2016,August,TSP,Orissa,0,0
2015-2016,August,UREA,Orissa,0,8300.9
2015-2016,August,SSP,Orissa,0,0
2015-2016,August,DAP,Pondicherry,0,36
2015-2016,August,MAP,Pondicherry,0,0
2015-2016,August,MOP,Pondicherry,0,0
2015-2016,August,NPK,Pondicherry,0,230.8
2015-2016,August,TSP,Pondicherry,0,0
2015-2016,August,UREA,Pondicherry,0,50
2015-2016,August,SSP,Pondicherry,0,0
2015-2016,August,DAP,Punjab,0,34289.25
2015-2016,August,MAP,Punjab,0,0
2015-2016,August,MOP,Punjab,0,27644.45
2015-2016,August,NPK,Punjab,0,767.92
2015-2016,August,TSP,Punjab,0,3355.3
2015-2016,August,UREA,Punjab,0,7674.55
2015-2016,August,SSP,Punjab,0,0
2015-2016,August,DAP,Rajasthan,0,10711.17
2015-2016,August,MAP,Rajasthan,0,0
2015-2016,August,MOP,Rajasthan,0,2517.3
2015-2016,August,NPK,Rajasthan,0,494.65
2015-2016,August,TSP,Rajasthan,0,3526.25
2015-2016,August,UREA,Rajasthan,0,5817.4
2015-2016,August,SSP,Rajasthan,0,0
2015-2016,August,DAP,Sikkim,0,0
2015-2016,August,MAP,Sikkim,0,0
2015-2016,August,MOP,Sikkim,0,0
2015-2016,August,NPK,Sikkim,0,0
2015-2016,August,TSP,Sikkim,0,0
2015-2016,August,UREA,Sikkim,0,0
2015-2016,August,SSP,Sikkim,0,0
2015-2016,August,DAP,Tamil Nadu,0,13861.3
2015-2016,August,MAP,Tamil Nadu,0,0
2015-2016,August,MOP,Tamil Nadu,0,4163
2015-2016,August,NPK,Tamil Nadu,0,33547.92
2015-2016,August,TSP,Tamil Nadu,0,0
2015-2016,August,UREA,Tamil Nadu,0,92.7
2015-2016,August,SSP,Tamil Nadu,0,0
2015-2016,August,DAP,Tripura,0,1.95
2015-2016,August,MAP,Tripura,0,0
2015-2016,August,MOP,Tripura,0,0
2015-2016,August,NPK,Tripura,0,0
2015-2016,August,TSP,Tripura,0,0
2015-2016,August,UREA,Tripura,0,0
2015-2016,August,SSP,Tripura,0,0
2015-2016,August,DAP,Telangana,30000,9590.8
2015-2016,August,MAP,Telangana,0,0
2015-2016,August,MOP,Telangana,30000,8640.63
2015-2016,August,NPK,Telangana,100000,51061.45
2015-2016,August,TSP,Telangana,0,0
2015-2016,August,UREA,Telangana,200000,3898.9
2015-2016,August,SSP,Telangana,15000,0
2015-2016,August,DAP,Uttar Pradesh,110000,224299.33
2015-2016,August,MAP,Uttar Pradesh,0,0
2015-2016,August,MOP,Uttar Pradesh,10000,56627.75
2015-2016,August,NPK,Uttar Pradesh,50000,50379.55
2015-2016,August,TSP,Uttar Pradesh,0,16125.25
2015-2016,August,UREA,Uttar Pradesh,400000,73126.9
2015-2016,August,DAP,Uttaranchal,0,2625.75
2015-2016,August,MAP,Uttaranchal,0,0
2015-2016,August,MOP,Uttaranchal,0,0.3
2015-2016,August,NPK,Uttaranchal,0,2394.65
2015-2016,August,TSP,Uttaranchal,0,1254.75
2015-2016,August,UREA,Uttaranchal,0,0
2015-2016,August,SSP,Uttaranchal,0,0
2015-2016,August,DAP,West Bengal,0,33454.86
2015-2016,August,MAP,West Bengal,0,0
2015-2016,August,MOP,West Bengal,0,33795.55
2015-2016,August,NPK,West Bengal,0,143690.13
2015-2016,August,TSP,West Bengal,0,7377.55
2015-2016,August,UREA,West Bengal,0,11640.04
2015-2016,August,SSP,West Bengal,0,0
